var_name,split_list,sub_total_sample_num,positive_sample_num,negative_sample_num,sub_total_num_percentage,positive_rate_in_sub_total,woe_list,iv_list,iv
NAME_CONTRACT_STATUS_active,"(-INF,1.0]",86905,7534,79371,0.2826077766323806,0.08669236522639664,0.07777859012089873,0.0017663491562668369,0.00249499430872983
NAME_CONTRACT_STATUS_active,"(1.0,3735928559.0]",220606,17291,203315,0.7173922233676193,0.07837955449987762,-0.03208482920559195,0.0007286451524629931,0.00249499430872983
NAME_CONTRACT_STATUS_completed,"(-INF,0.0]",76297,6806,69491,0.24811144967171905,0.08920403161330065,0.10909287263016781,0.0030911606208550366,0.004176252602077401
NAME_CONTRACT_STATUS_completed,"(0.0,+INF)",231214,18019,213195,0.751888550328281,0.07793213213732733,-0.03829494695370739,0.0010850919812223647,0.004176252602077401
NAME_CONTRACT_STATUS_demand,"(-INF,0.0]",86890,7532,79358,0.2825589978895064,0.08668431349982737,0.07767689284538844,0.0017613538173929663,0.0024877167655708208
NAME_CONTRACT_STATUS_demand,"(0.0,3735928559.0]",220621,17293,203328,0.7174410021104936,0.0783832908018729,-0.032033106932338434,0.0007263629481778546,0.0024877167655708208
NAME_CONTRACT_STATUS_signed,"(-INF,0.0]",82614,7209,75405,0.26865380425415675,0.08726123901517903,0.08494220323522765,0.002008715392704068,0.002783950504594332
NAME_CONTRACT_STATUS_signed,"(0.0,+INF)",224897,17616,207281,0.7313461957458433,0.07832919069618537,-0.03278224437974196,0.000775235111890264,0.002783950504594332
NAME_CONTRACT_STATUS_sent_proposal,"(-INF,0.0]",86445,7516,78929,0.2811118951842373,0.0869454566487362,0.08097091048315729,0.0019067404911775451,0.0026889253718364522
NAME_CONTRACT_STATUS_sent_proposal,"(0.0,3735928559.0]",221066,17309,203757,0.7188881048157627,0.07829788388987904,-0.03321597354816582,0.0007821848806589072,0.0026889253718364522
NAME_CONTRACT_STATUS_refused,"(-INF,0.0]",86891,7532,79359,0.282562249805698,0.08668331587851447,0.07766429180077755,0.001760793346837231,0.002486931474019514
NAME_CONTRACT_STATUS_refused,"(0.0,3735928559.0]",220620,17293,203327,0.717437750194302,0.07838364608829662,-0.032028188758458816,0.000726138127182283,0.002486931474019514
NAME_CONTRACT_STATUS_approved,"(-INF,0.0]",86900,7534,79366,0.28259151705142255,0.08669735327963177,0.07784158740565719,0.0017691566431794795,0.00249892821515231
NAME_CONTRACT_STATUS_approved,"(0.0,3735928559.0]",220611,17291,203320,0.7174084829485774,0.07837777807996882,-0.032109421284472424,0.0007297715719728304,0.00249892821515231
credit_card_balance_AMT_BALANCE_min,"(-INF,+INF)",307511,24825,282686,1.0,0.08072881945686496,3.6744478503430264e-09,1.350156702969589e-17,1.350156702969589e-17
credit_card_balance_AMT_BALANCE_max,"(-INF,0.0]",27328,1514,25814,0.08886836568447957,0.05540105386416862,-0.403676232141353,0.012243482135232773,0.02997391318591656
credit_card_balance_AMT_BALANCE_max,"(0.0,123616.9566]",20335,1753,18582,0.06612771575650953,0.08620604868453405,0.07162081846354558,0.0003495520055017553,0.02997391318591656
credit_card_balance_AMT_BALANCE_max,"(123616.9566,194507.8002]",17322,1728,15594,0.05632969227117079,0.09975753377208174,0.23256402803215864,0.003359055885154884,0.02997391318591656
credit_card_balance_AMT_BALANCE_max,"(194507.8002,804867.4899000002]",21182,2463,18719,0.0688820887708082,0.11627797186290247,0.40432663465799246,0.013341225080743717,0.02997391318591656
credit_card_balance_AMT_BALANCE_max,"(804867.4899000002,3735928559.0]",221344,17367,203977,0.7197921375170319,0.07846158016481133,-0.030949852277141178,0.0006805980792834348,0.02997391318591656
credit_card_balance_AMT_BALANCE_avg,"(-INF,+INF)",307511,24825,282686,1.0,0.08072881945686496,3.6744478503430264e-09,1.350156702969589e-17,1.350156702969589e-17
credit_card_balance_AMT_BALANCE_std,"(-INF,0.0]",27487,1543,25944,0.0893854203589465,0.05613562775130061,-0.38972620358958004,0.011544334138375545,0.0263318805188096
credit_card_balance_AMT_BALANCE_std,"(0.0,27432.786582398396]",16062,1576,14486,0.05223227786973474,0.0981197858299091,0.21419291329116774,0.002621776478844191,0.0263318805188096
credit_card_balance_AMT_BALANCE_std,"(27432.786582398396,78779.77276740294]",27026,2565,24461,0.08788628699461158,0.09490860652704802,0.17736403210326013,0.002978408261294941,0.0263318805188096
credit_card_balance_AMT_BALANCE_std,"(78779.77276740294,312483.4925980521]",15867,1798,14069,0.051598154212369636,0.1133169471229596,0.3751867202439347,0.00850097731125935,0.0263318805188096
credit_card_balance_AMT_BALANCE_std,"(312483.4925980521,3735928559.0]",221069,17343,203726,0.7188978605643376,0.07845061948984254,-0.031101450648310602,0.0006863843290355741,0.0263318805188096
credit_card_balance_AMT_CREDIT_LIMIT_ACTUAL_min,"(-INF,0.0]",21644,1576,20068,0.07038447405133474,0.07281463685085936,-0.11175092563754531,0.000838806150357974,0.0065206165027646935
credit_card_balance_AMT_CREDIT_LIMIT_ACTUAL_min,"(0.0,90000.0]",29467,2766,26701,0.09582421441834602,0.09386771642854719,0.16518677884236324,0.0028024463457273574,0.0065206165027646935
credit_card_balance_AMT_CREDIT_LIMIT_ACTUAL_min,"(90000.0,718650.0000000524]",31917,2919,28998,0.10379140908780499,0.09145596390638218,0.13649979167082588,0.002047884151776212,0.0065206165027646935
credit_card_balance_AMT_CREDIT_LIMIT_ACTUAL_min,"(718650.0000000524,+INF)",224483,17564,206919,0.7299999024425142,0.07824200496251386,-0.033990523348307836,0.0008314798549031505,0.0065206165027646935
credit_card_balance_AMT_CREDIT_LIMIT_ACTUAL_max,"(-INF,112500.0]",22255,1862,20393,0.07237139484441207,0.08366659177712873,0.03894505402677011,0.00011157469251216698,0.0036662238256168307
credit_card_balance_AMT_CREDIT_LIMIT_ACTUAL_max,"(112500.0,360000.0]",45218,4105,41113,0.1470451463524882,0.09078243177495687,0.12836692272014966,0.002557135796299524,0.0036662238256168307
credit_card_balance_AMT_CREDIT_LIMIT_ACTUAL_max,"(360000.0,765000.0]",17009,1429,15580,0.055311842503195006,0.08401434534658123,0.04347245314570386,0.0001064548794318552,0.0036662238256168307
credit_card_balance_AMT_CREDIT_LIMIT_ACTUAL_max,"(765000.0,3735928559.0]",223029,17429,205600,0.7252716162999047,0.0781467880858543,-0.035311511710225896,0.0008910584573732841,0.0036662238256168307
credit_card_balance_AMT_CREDIT_LIMIT_ACTUAL_avg,"(-INF,84375.0]",22480,1857,20623,0.07310307598752565,0.0826067615658363,0.025040904630055358,4.632297909633382e-05,0.0036971379264023347
credit_card_balance_AMT_CREDIT_LIMIT_ACTUAL_avg,"(84375.0,141428.5714]",19414,1824,17590,0.06313270094403127,0.09395281755434223,0.16618691312224146,0.001869570574481286,0.0036971379264023347
credit_card_balance_AMT_CREDIT_LIMIT_ACTUAL_avg,"(141428.5714,203520.32608000003]",15674,1326,14348,0.050970534387387766,0.08459869848156182,0.05104193161885765,0.00013566631564647434,0.0036971379264023347
credit_card_balance_AMT_CREDIT_LIMIT_ACTUAL_avg,"(203520.32608000003,720000.0]",25574,2258,23316,0.08316450468438527,0.08829279737233127,0.09782521662230229,0.0008292147473854038,0.0036971379264023347
credit_card_balance_AMT_CREDIT_LIMIT_ACTUAL_avg,"(720000.0,+INF)",224369,17560,206809,0.72962918399667,0.07826393129175599,-0.033686537498520165,0.0008163633097928367,0.0036971379264023347
credit_card_balance_AMT_CREDIT_LIMIT_ACTUAL_std,"(-INF,0.0]",37484,3421,34063,0.12189482652653076,0.0912656066588411,0.1342067121561952,0.0023227130790802243,0.0039717765092948925
credit_card_balance_AMT_CREDIT_LIMIT_ACTUAL_std,"(0.0,44538.449337485414]",21105,1880,19225,0.06863169122405377,0.0890784174366264,0.10754584052013441,0.000830446854469985,0.0039717765092948925
credit_card_balance_AMT_CREDIT_LIMIT_ACTUAL_std,"(44538.449337485414,89517.13511496801]",17429,1337,16092,0.05667764730367369,0.0767112284124161,-0.055408356307633744,0.000170012182224181,0.0039717765092948925
credit_card_balance_AMT_CREDIT_LIMIT_ACTUAL_std,"(89517.13511496801,+INF)",231493,18187,213306,0.7527958349457418,0.07856393065881041,-0.029535165222337994,0.0006486043935205023,0.0039717765092948925
credit_card_balance_AMT_DRAWINGS_ATM_CURRENT_min,"(-INF,+INF)",307511,24825,282686,1.0,0.08072881945686496,3.6744478503430264e-09,1.350156702969589e-17,1.350156702969589e-17
credit_card_balance_AMT_DRAWINGS_ATM_CURRENT_max,"(-INF,67500.0]",26807,2506,24301,0.08717411734864769,0.0934830454731973,0.16065592157995956,0.0024069455468110116,0.014747671115041125
credit_card_balance_AMT_DRAWINGS_ATM_CURRENT_max,"(67500.0,315000.0]",31713,3315,28398,0.10312801818471534,0.10453126478100463,0.28462446121025436,0.009414521927715445,0.014747671115041125
credit_card_balance_AMT_DRAWINGS_ATM_CURRENT_max,"(315000.0,+INF)",248991,19004,229987,0.8096978644666369,0.07632404384094205,-0.06088776635467649,0.002926203640514668,0.014747671115041125
credit_card_balance_AMT_DRAWINGS_ATM_CURRENT_avg,"(-INF,1458.201018808777]",17343,1298,16045,0.056397982511194725,0.07484287608833536,-0.08208705439073659,0.0003671822815597535,0.028732739338861623
credit_card_balance_AMT_DRAWINGS_ATM_CURRENT_avg,"(1458.201018808777,5475.0]",15380,1204,14176,0.05001447102705269,0.07828348504551365,-0.03341543989373992,5.5069090899455996e-05,0.028732739338861623
credit_card_balance_AMT_DRAWINGS_ATM_CURRENT_avg,"(5475.0,49500.0]",25708,3250,22458,0.08360026145406181,0.12641979150459,0.49949365558783015,0.025709628064770042,0.028732739338861623
credit_card_balance_AMT_DRAWINGS_ATM_CURRENT_avg,"(49500.0,+INF)",249080,19073,230007,0.8099872850076908,0.07657379155291473,-0.05735048496008461,0.0026008599016323734,0.028732739338861623
credit_card_balance_AMT_DRAWINGS_ATM_CURRENT_std,"(-INF,13114.838797719047]",26502,2208,24294,0.08618228291020484,0.08331446683269188,0.0343432943904382,0.00010312347235920368,0.022213556078239643
credit_card_balance_AMT_DRAWINGS_ATM_CURRENT_std,"(13114.838797719047,27199.129970067595]",15565,1449,14116,0.050616075522501636,0.09309347895920334,0.15605035053452893,0.0013160225223828434,0.022213556078239643
credit_card_balance_AMT_DRAWINGS_ATM_CURRENT_std,"(27199.129970067595,81716.57474785956]",16360,2111,14249,0.053201348894836284,0.12903422982885085,0.5229606114854657,0.018109864417753967,0.022213556078239643
credit_card_balance_AMT_DRAWINGS_ATM_CURRENT_std,"(81716.57474785956,+INF)",249084,19057,230027,0.8100002926724572,0.07650832650832651,-0.05827666929874342,0.0026845456657436303,0.022213556078239643
credit_card_balance_AMT_DRAWINGS_CURRENT_min,"(-INF,+INF)",307511,24825,282686,1.0,0.08072881945686496,3.6744478503430264e-09,1.350156702969589e-17,1.350156702969589e-17
credit_card_balance_AMT_DRAWINGS_CURRENT_max,"(-INF,0.0]",27269,1495,25774,0.08867650262917424,0.054824159301771244,-0.4147544309337419,0.012838231175698364,0.02797436127962322
credit_card_balance_AMT_DRAWINGS_CURRENT_max,"(0.0,135000.0]",37131,3583,33548,0.12074690011089034,0.09649618916808057,0.19570874520947767,0.005020804245359875,0.02797436127962322
credit_card_balance_AMT_DRAWINGS_CURRENT_max,"(135000.0,675000.0]",22051,2416,19635,0.07170800394132243,0.10956419210013152,0.3372851594204338,0.009397627901028906,0.02797436127962322
credit_card_balance_AMT_DRAWINGS_CURRENT_max,"(675000.0,3735928559.0]",221060,17331,203729,0.718868593318613,0.07839952953949154,-0.03180833749803689,0.0007176979575360729,0.02797436127962322
credit_card_balance_AMT_DRAWINGS_CURRENT_avg,"(-INF,730.1694789081891]",29982,1636,28346,0.0974989512570282,0.05456607297711961,-0.41974609988724376,0.014427718280538859,0.04711942159105383
credit_card_balance_AMT_DRAWINGS_CURRENT_avg,"(730.1694789081891,4418.1268230818005]",16145,1066,15079,0.05250218691363886,0.06602663363270363,-0.21690410338306226,0.0022560809028936294,0.04711942159105383
credit_card_balance_AMT_DRAWINGS_CURRENT_avg,"(4418.1268230818005,15167.403333333335]",15689,1672,14017,0.051019313130262006,0.10657148320479316,0.30623521973606277,0.005440701061370336,0.04711942159105383
credit_card_balance_AMT_DRAWINGS_CURRENT_avg,"(15167.403333333335,90000.0]",23534,2996,20538,0.07653059565348881,0.1273051754907793,0.5074867964677401,0.024375477695861902,0.04711942159105383
credit_card_balance_AMT_DRAWINGS_CURRENT_avg,"(90000.0,3735928559.0]",222161,17455,204706,0.7224489530455821,0.07856914579966781,-0.0294631265472142,0.0006194436503891061,0.04711942159105383
credit_card_balance_AMT_DRAWINGS_CURRENT_std,"(-INF,4996.971582868968]",30752,1716,29036,0.10000292672457245,0.05580124869927159,-0.39605485244571076,0.013303800158656084,0.03666959696310021
credit_card_balance_AMT_DRAWINGS_CURRENT_std,"(4996.971582868968,24154.9734256776]",26569,2261,24308,0.0864001612950431,0.08509917573111521,0.057487250217125606,0.000292503453589868,0.03666959696310021
credit_card_balance_AMT_DRAWINGS_CURRENT_std,"(24154.9734256776,156706.96999298845]",28783,3471,25312,0.09359990374328073,0.12059201612062675,0.4456497012339083,0.022406237193250626,0.03666959696310021
credit_card_balance_AMT_DRAWINGS_CURRENT_std,"(156706.96999298845,3735928559.0]",221407,17377,204030,0.7199970082371037,0.07848442009511894,-0.030634012770873367,0.0006670561576036326,0.03666959696310021
credit_card_balance_AMT_DRAWINGS_OTHER_CURRENT_min,"(-INF,0.0]",61135,6141,54994,0.19880589637443863,0.10044982415964668,0.24024905252039763,0.01269251732223525,0.016276589313407776
credit_card_balance_AMT_DRAWINGS_OTHER_CURRENT_min,"(0.0,3735928559.0]",246376,18684,227692,0.8011941036255613,0.07583530863395785,-0.06784075987140314,0.0035840719911725285,0.016276589313407776
credit_card_balance_AMT_DRAWINGS_OTHER_CURRENT_max,"(-INF,0.0]",55458,5606,49852,0.18034476815463513,0.10108550614879729,0.24726438369061599,0.012232070921122466,0.015296259453731094
credit_card_balance_AMT_DRAWINGS_OTHER_CURRENT_max,"(0.0,+INF)",252053,19219,232834,0.8196552318453649,0.07624983634394354,-0.06194084439724301,0.0030641885326086276,0.015296259453731094
credit_card_balance_AMT_DRAWINGS_OTHER_CURRENT_avg,"(-INF,0.0]",55458,5606,49852,0.18034476815463513,0.10108550614879729,0.24726438369061599,0.012232070921122466,0.015296259453731094
credit_card_balance_AMT_DRAWINGS_OTHER_CURRENT_avg,"(0.0,+INF)",252053,19219,232834,0.8196552318453649,0.07624983634394354,-0.06194084439724301,0.0030641885326086276,0.015296259453731094
credit_card_balance_AMT_DRAWINGS_OTHER_CURRENT_std,"(-INF,0.0]",55462,5606,49856,0.18035777581940157,0.1010782157152645,0.2471841494066244,0.012224604113257997,0.015287066551291355
credit_card_balance_AMT_DRAWINGS_OTHER_CURRENT_std,"(0.0,+INF)",252049,19219,232830,0.8196422241805984,0.0762510464235129,-0.06192366462814618,0.0030624624380333585,0.015287066551291355
credit_card_balance_AMT_DRAWINGS_POS_CURRENT_min,"(-INF,0.0]",58418,5769,52649,0.1899704400818182,0.09875380875757472,0.22133705674218285,0.010212756162313229,0.012906138003819068
credit_card_balance_AMT_DRAWINGS_POS_CURRENT_min,"(0.0,+INF)",249093,19056,230037,0.8100295599181818,0.0765015476147463,-0.05837261704431227,0.0026933818415058393,0.012906138003819068
credit_card_balance_AMT_DRAWINGS_POS_CURRENT_max,"(-INF,0.0]",26944,2200,24744,0.08761962986689907,0.08165083135391923,0.012359897474719399,1.3454948096047727e-05,0.027398635255201947
credit_card_balance_AMT_DRAWINGS_POS_CURRENT_max,"(0.0,44205.75]",15742,2040,13702,0.05119166468841765,0.12958963282937366,0.5278935730768767,0.017792383059675877,0.027398635255201947
credit_card_balance_AMT_DRAWINGS_POS_CURRENT_max,"(44205.75,194249.16000000003]",15741,1697,14044,0.051188412772226036,0.1078076361095229,0.31915231083299944,0.005961110565946304,0.027398635255201947
credit_card_balance_AMT_DRAWINGS_POS_CURRENT_max,"(194249.16000000003,+INF)",249084,18888,230196,0.8100002926724572,0.07582984053572289,-0.06791878421897793,0.003631686681483718,0.027398635255201947
credit_card_balance_AMT_DRAWINGS_POS_CURRENT_avg,"(-INF,85.30953824210985]",28629,2351,26278,0.09309910864977188,0.08211952914876523,0.01859425214798512,3.244063810789273e-05,0.026427499231607112
credit_card_balance_AMT_DRAWINGS_POS_CURRENT_avg,"(85.30953824210985,40943.74425000003]",29798,3582,26216,0.09690059867777087,0.12020941002751863,0.44203694742496336,0.022787488166557356,0.026427499231607112
credit_card_balance_AMT_DRAWINGS_POS_CURRENT_avg,"(40943.74425000003,+INF)",249084,18892,230192,0.8100002926724572,0.07584589937531114,-0.06768965532192367,0.003607570426941865,0.026427499231607112
credit_card_balance_AMT_DRAWINGS_POS_CURRENT_std,"(-INF,0.0]",27197,2232,24965,0.08844236466337789,0.08206787513328676,0.017908772443807328,2.8579429293074544e-05,0.025007697136253237
credit_card_balance_AMT_DRAWINGS_POS_CURRENT_std,"(0.0,52539.116159411475]",31230,3685,27545,0.10155734266416486,0.11799551713096382,0.42093504930329595,0.021467185664553835,0.025007697136253237
credit_card_balance_AMT_DRAWINGS_POS_CURRENT_std,"(52539.116159411475,+INF)",249084,18908,230176,0.8100002926724572,0.07591013473366415,-0.06677358481958234,0.0035119320424063273,0.025007697136253237
credit_card_balance_AMT_INST_MIN_REGULARITY_min,"(-INF,7833.150000000041]",86103,7457,78646,0.2799997398467047,0.08660557704145036,0.076681961802126,0.0017002643339564176,0.002392083787963549
credit_card_balance_AMT_INST_MIN_REGULARITY_min,"(7833.150000000041,3735928559.0]",221408,17368,204040,0.7200002601532953,0.0784434166787108,-0.031201084131062783,0.0006918194540071314,0.002392083787963549
credit_card_balance_AMT_INST_MIN_REGULARITY_max,"(-INF,0.0]",27626,1569,26057,0.08983743670958112,0.05679432418735973,-0.3773623813856756,0.010933719488568423,0.029407560286145606
credit_card_balance_AMT_INST_MIN_REGULARITY_max,"(0.0,5247.2484]",16319,1531,14788,0.05306802033098003,0.09381702310190575,0.1645906652357629,0.0015404444967437839,0.029407560286145606
credit_card_balance_AMT_INST_MIN_REGULARITY_max,"(5247.2484,9000.0]",19098,1627,17471,0.06210509542748064,0.08519216671902817,0.058681051563692396,0.00021918658961900505,0.029407560286145606
credit_card_balance_AMT_INST_MIN_REGULARITY_max,"(9000.0,44215.937999999995]",23399,2759,20640,0.07609158696762067,0.1179110218385401,0.4201229171018983,0.016016806164472312,0.029407560286145606
credit_card_balance_AMT_INST_MIN_REGULARITY_max,"(44215.937999999995,3735928559.0]",221069,17339,203730,0.7188978605643376,0.07843252559155739,-0.03135175187471746,0.0006974035467420822,0.029407560286145606
credit_card_balance_AMT_INST_MIN_REGULARITY_avg,"(-INF,663.4301142857142]",33827,1975,31852,0.11000256901379138,0.0583853135069619,-0.34804619746866644,0.011527065107809705,0.03068218620348429
credit_card_balance_AMT_INST_MIN_REGULARITY_avg,"(663.4301142857142,3257.58045]",21320,1894,19426,0.06933085320525119,0.08883677298311445,0.1045641985143736,0.0007920430225767821,0.03068218620348429
credit_card_balance_AMT_INST_MIN_REGULARITY_avg,"(3257.58045,22194.287276785722]",30680,3520,27160,0.09976878875877611,0.11473272490221642,0.38920124272677253,0.017792030161809337,0.03068218620348429
credit_card_balance_AMT_INST_MIN_REGULARITY_avg,"(22194.287276785722,3735928559.0]",221684,17436,204248,0.7208977890221813,0.07865249634615037,-0.028312371068643854,0.0005710479112884645,0.03068218620348429
credit_card_balance_AMT_INST_MIN_REGULARITY_std,"(-INF,0.0]",28132,1603,26529,0.09148290630253877,0.056981373524811606,-0.3738760109406649,0.01094490912280812,0.027043969496365294
credit_card_balance_AMT_INST_MIN_REGULARITY_std,"(0.0,2253.722360599979]",22271,2017,20254,0.07242342550347793,0.09056620717525032,0.12574452978332273,0.001207190673665642,0.027043969496365294
credit_card_balance_AMT_INST_MIN_REGULARITY_std,"(2253.722360599979,4375.585335312711]",20558,2069,18489,0.06685289306723988,0.10064208580601226,0.24237501211915247,0.004347888466962085,0.027043969496365294
credit_card_balance_AMT_INST_MIN_REGULARITY_std,"(4375.585335312711,19252.344744836024]",15841,1837,14004,0.05151360439138763,0.11596490120573195,0.40127638151638934,0.009814788932077264,0.027043969496365294
credit_card_balance_AMT_INST_MIN_REGULARITY_std,"(19252.344744836024,3735928559.0]",220709,17299,203410,0.7177271707353559,0.07837922332120575,-0.032089413880435375,0.0007291923008521788,0.027043969496365294
credit_card_balance_AMT_PAYMENT_CURRENT_min,"(-INF,154.62449999999993]",42684,3845,38839,0.1388047907229335,0.09008059225939462,0.11983426103199658,0.002096077082488498,0.02058617147757334
credit_card_balance_AMT_PAYMENT_CURRENT_min,"(154.62449999999993,11700.0]",15787,1988,13799,0.05133800091704037,0.12592639513523785,0.4950185565999295,0.015477591419825576,0.02058617147757334
credit_card_balance_AMT_PAYMENT_CURRENT_min,"(11700.0,+INF)",249040,18992,230048,0.8098572083600262,0.07626084163186636,-0.061784609023408904,0.0030125029752592655,0.02058617147757334
credit_card_balance_AMT_PAYMENT_CURRENT_max,"(-INF,52458.191999999966]",27676,3104,24572,0.09000003251916192,0.11215493568434745,0.36356957824616987,0.013856345712790749,0.018601530913700433
credit_card_balance_AMT_PAYMENT_CURRENT_max,"(52458.191999999966,136375.29]",15391,1204,14187,0.050050242105160465,0.07822753557273732,-0.03419109835539362,5.767784521572868e-05,0.018601530913700433
credit_card_balance_AMT_PAYMENT_CURRENT_max,"(136375.29,464168.84580000007]",15391,1476,13915,0.050050242105160465,0.09590020141641219,0.18885392284466948,0.0019323475671169344,0.018601530913700433
credit_card_balance_AMT_PAYMENT_CURRENT_max,"(464168.84580000007,+INF)",249053,19041,230012,0.8098994832705172,0.07645360626051483,-0.05905139658566283,0.002755159788577021,0.018601530913700433
credit_card_balance_AMT_PAYMENT_CURRENT_avg,"(-INF,4967.341640564517]",16360,1308,15052,0.053201348894836284,0.07995110024449878,-0.010526018807165792,5.868599931259159e-06,0.019051491170229244
credit_card_balance_AMT_PAYMENT_CURRENT_avg,"(4967.341640564517,62984.06526315791]",42067,4536,37531,0.13679835843270646,0.10782798868471724,0.31936385874456424,0.015953295707958892,0.019051491170229244
credit_card_balance_AMT_PAYMENT_CURRENT_avg,"(62984.06526315791,+INF)",249084,18981,230103,0.8100002926724572,0.07620320855614973,-0.06260302001922438,0.0030923268623390906,0.019051491170229244
credit_card_balance_AMT_PAYMENT_CURRENT_std,"(-INF,4965.69759152481]",15776,1842,13934,0.05130222983893259,0.11675963488843813,0.4090056194173697,0.010187495392503151,0.017303228758065576
credit_card_balance_AMT_PAYMENT_CURRENT_std,"(4965.69759152481,23604.59918145081]",26870,2308,24562,0.0873789880687195,0.08589505024190547,0.06766638579394352,0.0004116061072851289,0.017303228758065576
credit_card_balance_AMT_PAYMENT_CURRENT_std,"(23604.59918145081,104402.52255830643]",15781,1620,14161,0.05131848941989067,0.10265509156580699,0.2644200277501729,0.004009229052830261,0.017303228758065576
credit_card_balance_AMT_PAYMENT_CURRENT_std,"(104402.52255830643,+INF)",249084,19055,230029,0.8100002926724572,0.07650029708853238,-0.05839031771230572,0.002694898205447034,0.017303228758065576
credit_card_balance_AMT_PAYMENT_TOTAL_CURRENT_min,"(-INF,4500.0]",86194,7457,78737,0.28029566422014174,0.08651414251572036,0.07552554706831706,0.0016503106467960508,0.002322338568322876
credit_card_balance_AMT_PAYMENT_TOTAL_CURRENT_min,"(4500.0,3735928559.0]",221317,17368,203949,0.7197043357798583,0.07847567064436985,-0.03075499366556257,0.0006720279215268251,0.002322338568322876
credit_card_balance_AMT_PAYMENT_TOTAL_CURRENT_max,"(-INF,0.0]",26218,1468,24750,0.08525873871178592,0.05599206651918529,-0.3924389636628339,0.011152735754325674,0.029937510060687407
credit_card_balance_AMT_PAYMENT_TOTAL_CURRENT_max,"(0.0,23625.0]",16898,2092,14806,0.05495087980592564,0.1238016333293881,0.4755736143089544,0.01516782988382713,0.029937510060687407
credit_card_balance_AMT_PAYMENT_TOTAL_CURRENT_max,"(23625.0,130725.0]",24961,2098,22863,0.08117108005892472,0.08405111974680501,0.043950200992634365,0.00015970895455531548,0.029937510060687407
credit_card_balance_AMT_PAYMENT_TOTAL_CURRENT_max,"(130725.0,489150.36000000004]",17343,1704,15639,0.056397982511194725,0.09825289742259125,0.21569621732427602,0.0028725602556223077,0.029937510060687407
credit_card_balance_AMT_PAYMENT_TOTAL_CURRENT_max,"(489150.36000000004,3735928559.0]",222091,17463,204628,0.722221318912169,0.07862993097424029,-0.028623803273542064,0.0005846752123569776,0.029937510060687407
credit_card_balance_AMT_PAYMENT_TOTAL_CURRENT_avg,"(-INF,0.0]",26218,1468,24750,0.08525873871178592,0.05599206651918529,-0.3924389636628339,0.011152735754325674,0.024960480254087505
credit_card_balance_AMT_PAYMENT_TOTAL_CURRENT_avg,"(0.0,3931.8072000000006]",16540,1491,15049,0.053786693809327144,0.09014510278113663,0.12062108348219586,0.000823200412639879,0.024960480254087505
credit_card_balance_AMT_PAYMENT_TOTAL_CURRENT_avg,"(3931.8072000000006,11571.546298136644]",21691,2175,19516,0.0705373141123407,0.10027200221289936,0.23827959452012343,0.004426178290592931,0.024960480254087505
credit_card_balance_AMT_PAYMENT_TOTAL_CURRENT_avg,"(11571.546298136644,67729.40247272726]",20841,2247,18594,0.06777318534946718,0.1078163235929178,0.31924261537528564,0.007897244182767474,0.024960480254087505
credit_card_balance_AMT_PAYMENT_TOTAL_CURRENT_avg,"(67729.40247272726,3735928559.0]",222221,17444,204777,0.722644068017079,0.07849843174137458,-0.030440295866338164,0.0006611216137615447,0.024960480254087505
credit_card_balance_AMT_PAYMENT_TOTAL_CURRENT_std,"(-INF,0.0]",26327,1474,24853,0.08561319757667206,0.05598814904850534,-0.3925130809359713,0.011202991686391764,0.027233421040466874
credit_card_balance_AMT_PAYMENT_TOTAL_CURRENT_std,"(0.0,5419.008025879709]",15943,1857,14086,0.05184529984293245,0.11647745091889858,0.4062664638784544,0.010146297742456458,0.027233421040466874
credit_card_balance_AMT_PAYMENT_TOTAL_CURRENT_std,"(5419.008025879709,24614.837795039664]",27157,2334,24823,0.08831228801571325,0.08594469197628604,0.06829846102264607,0.0004239230520688042,0.027233421040466874
credit_card_balance_AMT_PAYMENT_TOTAL_CURRENT_std,"(24614.837795039664,125138.4266304796]",15949,1675,14274,0.05186481134008215,0.10502225844880557,0.28985904850395705,0.004921262265093091,0.027233421040466874
credit_card_balance_AMT_PAYMENT_TOTAL_CURRENT_std,"(125138.4266304796,3735928559.0]",222135,17485,204650,0.7223644032246,0.07871339500754046,-0.027472296112467105,0.0005389462944567562,0.027233421040466874
credit_card_balance_AMT_RECEIVABLE_PRINCIPAL_min,"(-INF,+INF)",307511,24825,282686,1.0,0.08072881945686496,3.6744478503430264e-09,1.350156702969589e-17,1.350156702969589e-17
credit_card_balance_AMT_RECEIVABLE_PRINCIPAL_max,"(-INF,0.0]",28020,1574,26446,0.09111869168907778,0.05617416131334761,-0.38899917730825345,0.011727832396074396,0.02958255989856516
credit_card_balance_AMT_RECEIVABLE_PRINCIPAL_max,"(0.0,125692.25399999996]",20543,1772,18771,0.06680411432436563,0.08625809278099596,0.07228130868465027,0.0003597703346867212,0.02958255989856516
credit_card_balance_AMT_RECEIVABLE_PRINCIPAL_max,"(125692.25399999996,220678.43579999998]",19838,2016,17822,0.06451151340927641,0.10162314749470713,0.25316727609078193,0.004598339677306898,0.02958255989856516
credit_card_balance_AMT_RECEIVABLE_PRINCIPAL_max,"(220678.43579999998,898239.4245000001]",18312,2149,16163,0.059549089300870536,0.11735474006116207,0.4147635096590587,0.01218967206605077,0.02958255989856516
credit_card_balance_AMT_RECEIVABLE_PRINCIPAL_max,"(898239.4245000001,3735928559.0]",220798,17314,203484,0.7180165912764096,0.07841556535838187,-0.03158641855511808,0.0007069454244463744,0.02958255989856516
credit_card_balance_AMT_RECEIVABLE_PRINCIPAL_avg,"(-INF,+INF)",307511,24825,282686,1.0,0.08072881945686496,3.6744478503430264e-09,1.350156702969589e-17,1.350156702969589e-17
credit_card_balance_AMT_RECEIVABLE_PRINCIPAL_std,"(-INF,0.0]",28177,1605,26572,0.09162924253116149,0.05696135145686198,-0.3742486835990246,0.010982595658121553,0.026151879736419945
credit_card_balance_AMT_RECEIVABLE_PRINCIPAL_std,"(0.0,26356.90348599696]",15416,1531,13885,0.05013154000995086,0.09931240269849508,0.22759758511160855,0.002857169685501399,0.026151879736419945
credit_card_balance_AMT_RECEIVABLE_PRINCIPAL_std,"(26356.90348599696,77037.7240821391]",27406,2593,24813,0.08912201514742563,0.09461431803254762,0.1739333627939274,0.002900395473730539,0.026151879736419945
credit_card_balance_AMT_RECEIVABLE_PRINCIPAL_std,"(77037.7240821391,379684.8366339058]",15838,1801,14037,0.05150384864281278,0.11371385275918676,0.3791309451223647,0.008679079500222063,0.026151879736419945
credit_card_balance_AMT_RECEIVABLE_PRINCIPAL_std,"(379684.8366339058,3735928559.0]",220674,17295,203379,0.7176133536686492,0.0783735283721689,-0.03216825468707234,0.0007326394188443919,0.026151879736419945
credit_card_balance_AMT_RECIVABLE_min,"(-INF,+INF)",307511,24825,282686,1.0,0.08072881945686496,3.6744478503430264e-09,1.350156702969589e-17,1.350156702969589e-17
credit_card_balance_AMT_RECIVABLE_max,"(-INF,0.0]",27529,1541,25988,0.08952200083899438,0.05597733299429692,-0.39271774455525404,0.011725713828339472,0.029301790128556392
credit_card_balance_AMT_RECIVABLE_max,"(0.0,129112.3512]",20964,1803,19161,0.06817317104103593,0.0860045792787636,0.06906056229785645,0.0003347007644760875,0.029301790128556392
credit_card_balance_AMT_RECIVABLE_max,"(129112.3512,219443.52240000002]",19178,1940,17238,0.062365248722809914,0.1011575763896131,0.2480573006753395,0.004258576562467849,0.029301790128556392
credit_card_balance_AMT_RECIVABLE_max,"(219443.52240000002,884591.6669999994]",18802,2200,16602,0.061142528234762336,0.11700882884799489,0.411419760842657,0.012297695565780066,0.029301790128556392
credit_card_balance_AMT_RECIVABLE_max,"(884591.6669999994,3735928559.0]",221038,17341,203697,0.7187970511623974,0.07845257376559686,-0.031074419411584092,0.0006851034074929182,0.029301790128556392
credit_card_balance_AMT_RECIVABLE_avg,"(-INF,+INF)",307511,24825,282686,1.0,0.08072881945686496,3.6744478503430264e-09,1.350156702969589e-17,1.350156702969589e-17
credit_card_balance_AMT_RECIVABLE_std,"(-INF,0.0]",27303,1551,25752,0.08878706777968919,0.05680694429183606,-0.37712681813071147,0.010793444127780704,0.02522520032986665
credit_card_balance_AMT_RECIVABLE_std,"(0.0,78546.9068566869]",43272,4128,39144,0.14071691744360365,0.09539656128674431,0.18303142694263208,0.0050905305294988755,0.02522520032986665
credit_card_balance_AMT_RECIVABLE_std,"(78546.9068566869,310942.12613170006]",15867,1803,14064,0.051598154212369636,0.11363206655322367,0.3783191827111789,0.008654841343551494,0.02522520032986665
credit_card_balance_AMT_RECIVABLE_std,"(310942.12613170006,3735928559.0]",221069,17343,203726,0.7188978605643376,0.07845061948984254,-0.031101450648310602,0.0006863843290355741,0.02522520032986665
credit_card_balance_AMT_TOTAL_RECEIVABLE_min,"(-INF,+INF)",307511,24825,282686,1.0,0.08072881945686496,3.6744478503430264e-09,1.350156702969589e-17,1.350156702969589e-17
credit_card_balance_AMT_TOTAL_RECEIVABLE_max,"(-INF,0.0]",27528,1541,25987,0.08951874892280276,0.05597936646323743,-0.39267926451691737,0.011723175796005623,0.029270169467452412
credit_card_balance_AMT_TOTAL_RECEIVABLE_max,"(0.0,129215.88900000002]",20964,1805,19159,0.06817317104103593,0.08609998091967182,0.07027359393322707,0.0003467384032897515,0.029270169467452412
credit_card_balance_AMT_TOTAL_RECEIVABLE_max,"(129215.88900000002,219439.10520000002]",19178,1938,17240,0.062365248722809914,0.10105329022838669,0.2469098251122061,0.004217238117027383,0.029270169467452412
credit_card_balance_AMT_TOTAL_RECEIVABLE_max,"(219439.10520000002,884645.9099999992]",18802,2200,16602,0.061142528234762336,0.11700882884799489,0.411419760842657,0.012297695565780066,0.029270169467452412
credit_card_balance_AMT_TOTAL_RECEIVABLE_max,"(884645.9099999992,3735928559.0]",221039,17341,203698,0.7188003030785891,0.07845221883920937,-0.031079328651999454,0.0006853215853495861,0.029270169467452412
credit_card_balance_AMT_TOTAL_RECEIVABLE_avg,"(-INF,+INF)",307511,24825,282686,1.0,0.08072881945686496,3.6744478503430264e-09,1.350156702969589e-17,1.350156702969589e-17
credit_card_balance_AMT_TOTAL_RECEIVABLE_std,"(-INF,0.0]",27303,1551,25752,0.08878706777968919,0.05680694429183606,-0.37712681813071147,0.010793444127780704,0.02522520032986665
credit_card_balance_AMT_TOTAL_RECEIVABLE_std,"(0.0,78567.28666838213]",43272,4128,39144,0.14071691744360365,0.09539656128674431,0.18303142694263208,0.0050905305294988755,0.02522520032986665
credit_card_balance_AMT_TOTAL_RECEIVABLE_std,"(78567.28666838213,310942.12613170006]",15867,1803,14064,0.051598154212369636,0.11363206655322367,0.3783191827111789,0.008654841343551494,0.02522520032986665
credit_card_balance_AMT_TOTAL_RECEIVABLE_std,"(310942.12613170006,3735928559.0]",221069,17343,203726,0.7188978605643376,0.07845061948984254,-0.031101450648310602,0.0006863843290355741,0.02522520032986665
credit_card_balance_CNT_DRAWINGS_ATM_CURRENT_min,"(-INF,0.0]",60308,6001,54307,0.1961165616839723,0.09950586986801088,0.22975853583484224,0.011400951109703203,0.01454637193547444
credit_card_balance_CNT_DRAWINGS_ATM_CURRENT_min,"(0.0,3735928559.0]",247203,18824,228379,0.8038834383160277,0.07614794318839173,-0.06338834221716504,0.0031454208257712373,0.01454637193547444
credit_card_balance_CNT_DRAWINGS_ATM_CURRENT_max,"(-INF,3735928559.0]",307511,24825,282686,1.0,0.08072881945686496,3.6744478503430264e-09,1.350156702969589e-17,1.350156702969589e-17
credit_card_balance_CNT_DRAWINGS_ATM_CURRENT_avg,"(-INF,0.13829787234042554]",22080,1513,20567,0.07180230951087929,0.06852355072463769,-0.1771078224493535,0.0020914675039696265,0.03310015035323256
credit_card_balance_CNT_DRAWINGS_ATM_CURRENT_avg,"(0.13829787234042554,0.4375]",15970,1319,14651,0.05193310158010608,0.082592360676268,0.024850881285594376,3.2408134724166134e-05,0.03310015035323256
credit_card_balance_CNT_DRAWINGS_ATM_CURRENT_avg,"(0.4375,2.2222222222222223]",20380,2777,17603,0.06627405198513224,0.13626104023552502,0.5857874276701166,0.029050686367987015,0.03310015035323256
credit_card_balance_CNT_DRAWINGS_ATM_CURRENT_avg,"(2.2222222222222223,+INF)",249081,19216,229865,0.8099905369238823,0.07714759455759372,-0.0492633788883983,0.0019255883465517554,0.03310015035323256
credit_card_balance_CNT_DRAWINGS_ATM_CURRENT_std,"(-INF,0.4705857094439213]",20888,1536,19352,0.06792602541047311,0.07353504404442743,-0.1011285475654489,0.0006658775289607427,0.027063795373319845
credit_card_balance_CNT_DRAWINGS_ATM_CURRENT_std,"(0.4705857094439213,0.9393944492054286]",17091,1414,15677,0.05557849963090751,0.08273360248083787,0.02671349281062785,4.0108247577267684e-05,0.027063795373319845
credit_card_balance_CNT_DRAWINGS_ATM_CURRENT_std,"(0.9393944492054286,2.864276807966203]",20450,2679,17771,0.06650168611854536,0.13100244498777505,0.5403612381393943,0.024343602032080226,0.027063795373319845
credit_card_balance_CNT_DRAWINGS_ATM_CURRENT_std,"(2.864276807966203,+INF)",249082,19196,229886,0.809993788840074,0.07706698998723312,-0.0503960740226629,0.0020142075647016098,0.027063795373319845
credit_card_balance_CNT_DRAWINGS_CURRENT_min,"(-INF,0.0]",84309,7145,77164,0.2741658021989457,0.08474777307286292,0.052965328136104654,0.000786404164102189,0.0010927603324217797
credit_card_balance_CNT_DRAWINGS_CURRENT_min,"(0.0,3735928559.0]",223202,17680,205522,0.7258341978010543,0.0792107597602172,-0.020633490708182337,0.0003063561683195908,0.0010927603324217797
credit_card_balance_CNT_DRAWINGS_CURRENT_max,"(-INF,0.0]",27733,1519,26214,0.09018539174208402,0.05477229293621318,-0.415755802485634,0.01311441108953655,0.027402201349492145
credit_card_balance_CNT_DRAWINGS_CURRENT_max,"(0.0,91.0]",59106,6001,53105,0.19220775842164994,0.10152945555442763,0.2521405820947573,0.013583699457983463,0.027402201349492145
credit_card_balance_CNT_DRAWINGS_CURRENT_max,"(91.0,3735928559.0]",220672,17305,203367,0.717606849836266,0.07841955481438515,-0.03153121510959577,0.0007040908019721309,0.027402201349492145
credit_card_balance_CNT_DRAWINGS_CURRENT_avg,"(-INF,0.0337]",30479,1659,28820,0.0991151536042613,0.0544309196495948,-0.4223689914755509,0.01483477143423093,0.05444516414673918
credit_card_balance_CNT_DRAWINGS_CURRENT_avg,"(0.0337,0.2727]",15672,985,14687,0.050964030555004536,0.06285094435936703,-0.2695907607876215,0.0033098803444870425,0.05444516414673918
credit_card_balance_CNT_DRAWINGS_CURRENT_avg,"(0.2727,1.1111]",16936,1557,15379,0.05507445262120705,0.09193434104865375,0.14224353919783225,0.0011828856439092044,0.05444516414673918
credit_card_balance_CNT_DRAWINGS_CURRENT_avg,"(1.1111,13.75]",22274,3097,19177,0.07243318125205277,0.1390410343898716,0.6092078148544757,0.03467291420047521,0.05444516414673918
credit_card_balance_CNT_DRAWINGS_CURRENT_avg,"(13.75,3735928559.0]",222150,17527,204623,0.7224131819674743,0.07889714157101058,-0.024941176278871303,0.0004447125236367888,0.05444516414673918
credit_card_balance_CNT_DRAWINGS_CURRENT_std,"(-INF,0.6646290475395529]",43054,2455,40599,0.14000799971383138,0.05702141496725043,-0.3731311051658555,0.016688835451143906,0.05169998097489017
credit_card_balance_CNT_DRAWINGS_CURRENT_std,"(0.6646290475395529,1.7853571071357126]",19888,1707,18181,0.06467410921885722,0.08583065164923571,0.0668459352372835,0.000297207484324303,0.05169998097489017
credit_card_balance_CNT_DRAWINGS_CURRENT_std,"(1.7853571071357126,12.772903880316377]",22425,3106,19319,0.07292422059698678,0.1385061315496098,0.6047322152156336,0.03433365321793398,0.05169998097489017
credit_card_balance_CNT_DRAWINGS_CURRENT_std,"(12.772903880316377,3735928559.0]",222144,17557,204587,0.7223936704703247,0.0790343200806684,-0.02305504581286448,0.0003802848214879774,0.05169998097489017
credit_card_balance_CNT_DRAWINGS_OTHER_CURRENT_max,"(-INF,0.0]",55440,5606,49834,0.18028623366318602,0.10111832611832612,0.24762551765445281,0.012265703602615871,0.015337665396467163
credit_card_balance_CNT_DRAWINGS_OTHER_CURRENT_max,"(0.0,3735928559.0]",252071,19219,232852,0.8197137663368139,0.07624439146113594,-0.06201814970597562,0.003071961793851292,0.015337665396467163
credit_card_balance_CNT_DRAWINGS_OTHER_CURRENT_avg,"(-INF,0.0]",55440,5606,49834,0.18028623366318602,0.10111832611832612,0.24762551765445281,0.012265703602615871,0.015337665396467163
credit_card_balance_CNT_DRAWINGS_OTHER_CURRENT_avg,"(0.0,+INF)",252071,19219,232852,0.8197137663368139,0.07624439146113594,-0.06201814970597562,0.003071961793851292,0.015337665396467163
credit_card_balance_CNT_DRAWINGS_OTHER_CURRENT_std,"(-INF,0.0]",55445,5606,49839,0.1803024932441441,0.10110920732257192,0.24752518958177172,0.012256355930063354,0.015326157526842701
credit_card_balance_CNT_DRAWINGS_OTHER_CURRENT_std,"(0.0,+INF)",252066,19219,232847,0.8196975067558558,0.07624590385057882,-0.06199667660855423,0.003069801596779347,0.015326157526842701
credit_card_balance_CNT_DRAWINGS_POS_CURRENT_min,"(-INF,0.0]",58418,5769,52649,0.1899704400818182,0.09875380875757472,0.22133705674218285,0.010212756162313229,0.012906138003819068
credit_card_balance_CNT_DRAWINGS_POS_CURRENT_min,"(0.0,3735928559.0]",249093,19056,230037,0.8100295599181818,0.0765015476147463,-0.05837261704431227,0.0026933818415058393,0.012906138003819068
credit_card_balance_CNT_DRAWINGS_POS_CURRENT_max,"(-INF,0.0]",26944,2200,24744,0.08761962986689907,0.08165083135391923,0.012359897474719399,1.3454948096047727e-05,0.017628472907864182
credit_card_balance_CNT_DRAWINGS_POS_CURRENT_max,"(0.0,32.0]",31523,3516,28007,0.10251015410830833,0.1115376074612188,0.3573550568434505,0.01520789912476076,0.017628472907864182
credit_card_balance_CNT_DRAWINGS_POS_CURRENT_max,"(32.0,+INF)",249044,19109,229935,0.8098702160247926,0.07672941327636884,-0.05515169614865837,0.0024071188350073764,0.017628472907864182
credit_card_balance_CNT_DRAWINGS_POS_CURRENT_avg,"(-INF,0.2222222222222222]",36250,2949,33301,0.11788196194607672,0.08135172413793103,0.008364265254546895,8.27610730849313e-06,0.024674563197569884
credit_card_balance_CNT_DRAWINGS_POS_CURRENT_avg,"(0.2222222222222222,10.099090909090922]",22177,2801,19376,0.07211774538146602,0.1263020246201019,0.4984268710878027,0.022073995605261663,0.024674563197569884
credit_card_balance_CNT_DRAWINGS_POS_CURRENT_avg,"(10.099090909090922,+INF)",249084,19075,230009,0.8100002926724572,0.07658059128647364,-0.057254325534126384,0.0025922914849997292,0.024674563197569884
credit_card_balance_CNT_DRAWINGS_POS_CURRENT_std,"(-INF,0.9256603568989102]",39146,3264,35882,0.1272995112369964,0.08338016655596996,0.03520321903506666,0.00016010459820675626,0.02154819367820285
credit_card_balance_CNT_DRAWINGS_POS_CURRENT_std,"(0.9256603568989102,9.523067784840178]",19281,2432,16849,0.06270019609054635,0.1261345365904258,0.4969082225110792,0.019062656251596026,0.02154819367820285
credit_card_balance_CNT_DRAWINGS_POS_CURRENT_std,"(9.523067784840178,+INF)",249084,19129,229955,0.8100002926724572,0.07679738562091504,-0.054192593563528395,0.0023254328284000696,0.02154819367820285
credit_card_balance_CNT_INSTALMENT_MATURE_CUM_min,"(-INF,0.0]",55194,5281,49913,0.17948626228004852,0.09568068993006486,0.1863195318673312,0.006737719420136986,0.00909769082970792
credit_card_balance_CNT_INSTALMENT_MATURE_CUM_min,"(0.0,11.0]",30480,2186,28294,0.09911840552045292,0.07171916010498687,-0.12809080499100384,0.0015413747977970926,0.00909769082970792
credit_card_balance_CNT_INSTALMENT_MATURE_CUM_min,"(11.0,3735928559.0]",221837,17358,204479,0.7213953321994986,0.07824664055139584,-0.033926249149283,0.0008185966117738436,0.00909769082970792
credit_card_balance_CNT_INSTALMENT_MATURE_CUM_max,"(-INF,0.0]",27390,1554,25836,0.08906998448835976,0.056736035049288064,-0.3784510246652197,0.010898065445908869,0.03822236520872343
credit_card_balance_CNT_INSTALMENT_MATURE_CUM_max,"(0.0,14.0]",29176,3597,25579,0.09487790680658578,0.12328626268165616,0.47081401733992645,0.025616381958965758,0.03822236520872343
credit_card_balance_CNT_INSTALMENT_MATURE_CUM_max,"(14.0,38.0]",18029,1573,16456,0.058628797018643236,0.087248322147651,0.08478006030151956,0.00043666384679999243,0.03822236520872343
credit_card_balance_CNT_INSTALMENT_MATURE_CUM_max,"(38.0,+INF)",232916,18101,214815,0.7574233116864112,0.07771471260025073,-0.0413244710952628,0.0012712539570488078,0.03822236520872343
credit_card_balance_CNT_INSTALMENT_MATURE_CUM_avg,"(-INF,0.0]",27390,1554,25836,0.08906998448835976,0.056736035049288064,-0.3784510246652197,0.010898065445908869,0.04489021772063109
credit_card_balance_CNT_INSTALMENT_MATURE_CUM_avg,"(0.0,3.6]",15408,2126,13282,0.050105524680417936,0.1379802699896158,0.6003181153889923,0.023204988221610375,0.04489021772063109
credit_card_balance_CNT_INSTALMENT_MATURE_CUM_avg,"(3.6,9.625]",15423,1771,13652,0.050154303423292176,0.11482850288530118,0.390143907976631,0.008991066351292052,0.04489021772063109
credit_card_balance_CNT_INSTALMENT_MATURE_CUM_avg,"(9.625,48.0]",27464,2005,25459,0.08931062628653934,0.07300466064666472,-0.10893967727414941,0.0010126701187610273,0.04489021772063109
credit_card_balance_CNT_INSTALMENT_MATURE_CUM_avg,"(48.0,3735928559.0]",221826,17369,204457,0.7213595611213908,0.07830010909451553,-0.03318514000437048,0.0007834275830587677,0.04489021772063109
credit_card_balance_CNT_INSTALMENT_MATURE_CUM_std,"(-INF,0.0]",27872,1579,26293,0.09063740809271864,0.05665183696900115,-0.3800254181796348,0.011175060404473056,0.037900179701173785
credit_card_balance_CNT_INSTALMENT_MATURE_CUM_std,"(0.0,3.028787499810488]",22209,2760,19449,0.07222180669959774,0.12427394299608267,0.47992058703837825,0.020337850317747746,0.037900179701173785
credit_card_balance_CNT_INSTALMENT_MATURE_CUM_std,"(3.028787499810488,7.160999703489862]",16943,1760,15183,0.055097216034548355,0.10387770760786165,0.2776230094619334,0.00477137000125913,0.037900179701173785
credit_card_balance_CNT_INSTALMENT_MATURE_CUM_std,"(7.160999703489862,26.844166340064568]",19244,1389,17855,0.06257987519145657,0.07217834130118478,-0.12121391980058227,0.0008739873004336166,0.037900179701173785
credit_card_balance_CNT_INSTALMENT_MATURE_CUM_std,"(26.844166340064568,3735928559.0]",221243,17337,203906,0.7194636939816788,0.07836180127732854,-0.03233062097538008,0.0007419116772602357,0.037900179701173785
